iter	RMSE
0	801.6674108
1	582.2141568
